{"0": {"start_sec": 1.2836676217765044, "end_sec": 1.9255014326647566}, "1": {"start_sec": 2.527220630372493, "end_sec": 6.504297994269341}, "2": {"start_sec": 6.825214899713467, "end_sec": 8.169054441260744}}